0,33.0
0,33.0
0,28.0
0,26.0
0,35.0
0,34.0
0,22.0
0,45.0
0,42.0
0,21.0
0,32.0
0,28.0
0,38.0
0,33.0
0,26.0
0,35.0
0,38.0
0,35.0
0,28.0
0,29.0
0,31.0
0,28.0
0,20.0
0,40.0
0,33.0
1,43.0
1,36.0
1,31.0
1,40.0
1,35.0
1,23.0
1,35.0
1,43.0
1,34.0
1,26.0
1,29.0
1,27.0
1,41.0
1,25.0
1,28.0
1,29.0
1,35.0
1,27.0
1,34.0
1,31.0
1,28.0
1,23.0
1,32.0
1,30.0
1,30.0
2,33.0
2,51.0
2,39.0
2,34.0
2,29.0
2,40.0
2,42.0
2,26.0
2,13.0
2,29.0
2,32.0
2,32.0
2,35.0
2,28.0
2,37.0
2,33.0
2,47.0
2,32.0
2,32.0
2,38.0
2,30.0
2,30.0
2,42.0
2,33.0
2,38.0
3,39.0
3,33.0
3,29.0
3,21.0
3,39.0
3,31.0
3,30.0
3,42.0
3,37.0
3,41.0
3,36.0
3,34.0
3,35.0
3,44.0
3,41.0
3,33.0
3,43.0
3,35.0
3,47.0
3,27.0
3,32.0
3,45.0
3,34.0
3,47.0
3,19.0
4,41.0
4,44.0
4,39.0
4,48.0
4,27.0
4,38.0
4,43.0
4,42.0
4,45.0
4,52.0
4,54.0
4,39.0
4,38.0
4,30.0
4,43.0
4,36.0
4,36.0
4,23.0
4,44.0
4,49.0
4,33.0
4,25.0
4,33.0
4,36.0
4,33.0
5,27.0
5,29.0
5,46.0
5,49.0
5,25.0
5,42.0
5,33.0
5,33.0
5,36.0
5,42.0
5,39.0
5,48.0
5,42.0
5,33.0
5,33.0
5,29.0
5,49.0
5,50.0
5,38.0
5,33.0
5,41.0
5,35.0
5,43.0
5,42.0
5,44.0
6,36.0
6,38.0
6,43.0
6,24.0
6,44.0
6,54.0
6,40.0
6,48.0
6,37.0
6,35.0
6,44.0
6,39.0
6,40.0
6,40.0
6,31.0
6,34.0
6,42.0
6,43.0
6,38.0
6,23.0
6,36.0
6,40.0
6,42.0
6,40.0
6,32.0
7,43.0
7,28.0
7,49.0
7,35.0
7,43.0
7,51.0
7,45.0
7,40.0
7,39.0
7,39.0
7,31.0
7,35.0
7,46.0
7,38.0
7,37.0
7,33.0
7,44.0
7,53.0
7,32.0
7,41.0
7,34.0
7,33.0
7,47.0
7,37.0
7,52.0
8,42.0
8,45.0
8,45.0
8,41.0
8,37.0
8,38.0
8,50.0
8,34.0
8,38.0
8,37.0
8,51.0
8,46.0
8,38.0
8,34.0
8,42.0
8,39.0
8,38.0
8,36.0
8,32.0
8,31.0
8,39.0
8,56.0
8,46.0
8,37.0
8,41.0
9,37.0
9,43.0
9,47.0
9,44.0
9,47.0
9,32.0
9,48.0
9,50.0
9,46.0
9,44.0
9,48.0
9,42.0
9,40.0
9,44.0
9,34.0
9,35.0
9,34.0
9,42.0
9,42.0
9,38.0
9,42.0
9,41.0
9,45.0
9,49.0
9,44.0
10,49.0
10,32.0
10,44.0
10,48.0
10,51.0
10,39.0
10,45.0
10,55.0
10,45.0
10,35.0
10,44.0
10,50.0
10,41.0
10,40.0
10,39.0
10,43.0
10,44.0
10,52.0
10,59.0
10,40.0
10,37.0
10,44.0
10,59.0
10,41.0
10,36.0
11,46.0
11,52.0
11,34.0
11,37.0
11,37.0
11,42.0
11,36.0
11,44.0
11,53.0
11,51.0
11,55.0
11,47.0
11,37.0
11,43.0
11,35.0
11,37.0
11,40.0
11,41.0
11,53.0
11,41.0
11,39.0
11,53.0
11,50.0
11,47.0
11,47.0
12,33.0
12,45.0
12,48.0
12,42.0
12,37.0
12,36.0
12,45.0
12,45.0
12,52.0
12,40.0
12,40.0
12,42.0
12,37.0
12,34.0
12,46.0
12,35.0
12,39.0
12,31.0
12,51.0
12,44.0
12,34.0
12,37.0
12,49.0
12,51.0
12,38.0
13,44.0
13,41.0
13,41.0
13,39.0
13,36.0
13,49.0
13,39.0
13,44.0
13,47.0
13,53.0
13,51.0
13,29.0
13,59.0
13,54.0
13,31.0
13,44.0
13,46.0
13,38.0
13,40.0
13,45.0
13,53.0
13,41.0
13,55.0
13,45.0
13,39.0
14,38.0
14,35.0
14,42.0
14,40.0
14,50.0
14,46.0
14,41.0
14,45.0
14,43.0
14,39.0
14,39.0
14,47.0
14,38.0
14,42.0
14,33.0
14,34.0
14,36.0
14,46.0
14,54.0
14,47.0
14,31.0
14,44.0
14,45.0
14,46.0
14,45.0
15,25.0
15,54.0
15,31.0
15,38.0
15,43.0
15,49.0
15,49.0
15,47.0
15,58.0
15,57.0
15,34.0
15,28.0
15,48.0
15,50.0
15,44.0
15,39.0
15,52.0
15,37.0
15,44.0
15,36.0
15,44.0
15,29.0
15,55.0
15,43.0
15,62.0
16,39.0
16,41.0
16,43.0
16,46.0
16,36.0
16,31.0
16,42.0
16,40.0
16,42.0
16,39.0
16,32.0
16,45.0
16,51.0
16,47.0
16,41.0
16,35.0
16,42.0
16,49.0
16,41.0
16,47.0
16,36.0
16,51.0
16,42.0
16,50.0
16,42.0
17,32.0
17,41.0
17,35.0
17,42.0
17,41.0
17,35.0
17,42.0
17,43.0
17,26.0
17,42.0
17,46.0
17,44.0
17,38.0
17,42.0
17,45.0
17,50.0
17,53.0
17,46.0
17,49.0
17,37.0
17,48.0
17,45.0
17,50.0
17,52.0
17,35.0
18,43.0
18,36.0
18,32.0
18,36.0
18,52.0
18,44.0
18,51.0
18,48.0
18,46.0
18,37.0
18,47.0
18,39.0
18,40.0
18,34.0
18,38.0
18,40.0
18,45.0
18,42.0
18,43.0
18,36.0
18,30.0
18,50.0
18,31.0
18,37.0
18,50.0
19,35.0
19,44.0
19,37.0
19,42.0
19,36.0
19,43.0
19,48.0
19,48.0
19,35.0
19,46.0
19,40.0
19,40.0
19,43.0
19,45.0
19,46.0
19,46.0
19,44.0
19,44.0
19,47.0
19,40.0
19,41.0
19,44.0
19,36.0
19,36.0
19,38.0
20,49.0
20,50.0
20,39.0
20,47.0
20,35.0
20,41.0
20,41.0
20,25.0
20,46.0
20,32.0
20,43.0
20,37.0
20,35.0
20,45.0
20,33.0
20,33.0
20,43.0
20,41.0
20,45.0
20,47.0
20,43.0
20,47.0
20,37.0
20,33.0
20,60.0
21,31.0
21,50.0
21,46.0
21,33.0
21,53.0
21,42.0
21,48.0
21,51.0
21,37.0
21,43.0
21,52.0
21,42.0
21,49.0
21,50.0
21,42.0
21,43.0
21,41.0
21,43.0
21,45.0
21,49.0
21,54.0
21,44.0
21,42.0
21,37.0
21,45.0
22,47.0
22,52.0
22,54.0
22,47.0
22,48.0
22,46.0
22,41.0
22,45.0
22,45.0
22,43.0
22,39.0
22,48.0
22,50.0
22,35.0
22,47.0
22,47.0
22,59.0
22,46.0
22,44.0
22,49.0
22,44.0
22,52.0
22,49.0
22,53.0
22,53.0
23,45.0
23,41.0
23,37.0
23,45.0
23,58.0
23,46.0
23,37.0
23,35.0
23,47.0
23,31.0
23,40.0
23,46.0
23,40.0
23,42.0
23,37.0
23,55.0
23,47.0
23,47.0
23,40.0
23,43.0
23,43.0
23,44.0
23,44.0
23,52.0
23,45.0
24,50.0
24,49.0
24,54.0
24,44.0
24,32.0
24,43.0
24,36.0
24,45.0
24,30.0
24,44.0
24,34.0
24,47.0
24,51.0
24,52.0
24,44.0
24,45.0
24,48.0
24,45.0
24,43.0
24,47.0
24,46.0
24,46.0
24,54.0
24,37.0
24,54.0
25,42.0
25,38.0
25,46.0
25,45.0
25,49.0
25,43.0
25,51.0
25,37.0
25,32.0
25,60.0
25,55.0
25,58.0
25,35.0
25,45.0
25,50.0
25,59.0
25,44.0
25,47.0
25,35.0
25,40.0
25,53.0
25,49.0
25,46.0
25,42.0
25,43.0
26,43.0
26,48.0
26,51.0
26,49.0
26,47.0
26,49.0
26,46.0
26,53.0
26,53.0
26,43.0
26,39.0
26,43.0
26,42.0
26,55.0
26,49.0
26,49.0
26,55.0
26,55.0
26,43.0
26,36.0
26,54.0
26,42.0
26,44.0
26,48.0
26,56.0
27,47.0
27,38.0
27,46.0
27,60.0
27,46.0
27,50.0
27,45.0
27,44.0
27,50.0
27,52.0
27,45.0
27,46.0
27,45.0
27,53.0
27,51.0
27,54.0
27,39.0
27,47.0
27,47.0
27,47.0
27,55.0
27,52.0
27,46.0
27,44.0
27,41.0
28,43.0
28,48.0
28,59.0
28,42.0
28,57.0
28,46.0
28,36.0
28,47.0
28,49.0
28,50.0
28,43.0
28,58.0
28,54.0
28,41.0
28,34.0
28,42.0
28,44.0
28,57.0
28,46.0
28,46.0
28,42.0
28,48.0
28,39.0
28,44.0
28,43.0
29,47.0
29,57.0
29,47.0
29,46.0
29,40.0
29,46.0
29,46.0
29,47.0
29,37.0
29,44.0
29,38.0
29,42.0
29,51.0
29,52.0
29,54.0
29,58.0
29,40.0
29,41.0
29,54.0
29,53.0
29,57.0
29,48.0
29,54.0
29,45.0
29,39.0
30,44.0
30,40.0
30,47.0
30,39.0
30,62.0
30,51.0
30,46.0
30,43.0
30,44.0
30,41.0
30,43.0
30,46.0
30,48.0
30,42.0
30,45.0
30,53.0
30,41.0
30,49.0
30,44.0
30,43.0
30,53.0
30,49.0
30,50.0
30,51.0
30,48.0
31,43.0
31,57.0
31,41.0
31,40.0
31,35.0
31,44.0
31,40.0
31,40.0
31,45.0
31,48.0
31,47.0
31,47.0
31,54.0
31,42.0
31,46.0
31,50.0
31,45.0
31,50.0
31,42.0
31,51.0
31,48.0
31,50.0
31,46.0
31,43.0
31,47.0
32,36.0
32,58.0
32,45.0
32,44.0
32,49.0
32,44.0
32,57.0
32,41.0
32,38.0
32,42.0
32,44.0
32,51.0
32,47.0
32,49.0
32,53.0
32,51.0
32,46.0
32,54.0
32,42.0
32,53.0
32,46.0
32,49.0
32,46.0
32,48.0
32,57.0
33,44.0
33,33.0
33,44.0
33,38.0
33,54.0
33,38.0
33,46.0
33,43.0
33,42.0
33,44.0
33,46.0
33,46.0
33,50.0
33,51.0
33,56.0
33,60.0
33,50.0
33,45.0
33,39.0
33,44.0
33,54.0
33,49.0
33,39.0
33,47.0
33,48.0
34,50.0
34,46.0
34,51.0
34,54.0
34,39.0
34,45.0
34,47.0
34,47.0
34,43.0
34,48.0
34,51.0
34,55.0
34,48.0
34,45.0
34,43.0
34,52.0
34,49.0
34,45.0
34,54.0
34,47.0
34,56.0
34,50.0
34,53.0
34,47.0
34,43.0
35,53.0
35,46.0
35,36.0
35,43.0
35,45.0
35,56.0
35,45.0
35,39.0
35,46.0
35,46.0
35,45.0
35,40.0
35,51.0
35,47.0
35,45.0
35,50.0
35,49.0
35,39.0
35,45.0
35,57.0
35,57.0
35,42.0
35,40.0
35,37.0
35,54.0
36,48.0
36,48.0
36,44.0
36,46.0
36,40.0
36,53.0
36,41.0
36,47.0
36,42.0
36,59.0
36,55.0
36,56.0
36,50.0
36,39.0
36,44.0
36,44.0
36,54.0
36,56.0
36,41.0
36,44.0
36,44.0
36,44.0
36,60.0
36,43.0
36,56.0
37,53.0
37,42.0
37,46.0
37,46.0
37,47.0
37,51.0
37,58.0
37,40.0
37,50.0
37,35.0
37,47.0
37,56.0
37,61.0
37,54.0
37,44.0
37,56.0
37,52.0
37,55.0
37,50.0
37,49.0
37,46.0
37,57.0
37,53.0
37,37.0
37,51.0
38,42.0
38,41.0
38,40.0
38,42.0
38,49.0
38,45.0
38,44.0
38,51.0
38,47.0
38,40.0
38,43.0
38,54.0
38,44.0
38,46.0
38,50.0
38,55.0
38,58.0
38,42.0
38,52.0
38,52.0
38,50.0
38,45.0
38,37.0
38,45.0
38,51.0
39,60.0
39,41.0
39,41.0
39,48.0
39,33.0
39,47.0
39,45.0
39,42.0
39,43.0
39,44.0
39,40.0
39,44.0
39,60.0
39,47.0
39,48.0
39,52.0
39,38.0
39,39.0
39,49.0
39,52.0
39,35.0
39,39.0
39,56.0
39,52.0
39,41.0
40,46.0
40,42.0
40,48.0
40,46.0
40,50.0
40,33.0
40,46.0
40,36.0
40,51.0
40,44.0
40,50.0
40,42.0
40,51.0
40,43.0
40,44.0
40,59.0
40,42.0
40,45.0
40,44.0
40,45.0
40,54.0
40,47.0
40,46.0
40,50.0
40,50.0
41,53.0
41,51.0
41,48.0
41,38.0
41,48.0
41,43.0
41,45.0
41,49.0
41,41.0
41,46.0
41,41.0
41,45.0
41,43.0
41,53.0
41,50.0
41,47.0
41,50.0
41,41.0
41,37.0
41,50.0
41,52.0
41,51.0
41,46.0
41,49.0
41,54.0
42,49.0
42,42.0
42,45.0
42,43.0
42,53.0
42,41.0
42,43.0
42,47.0
42,41.0
42,47.0
42,52.0
42,42.0
42,48.0
42,48.0
42,62.0
42,49.0
42,38.0
42,50.0
42,53.0
42,41.0
42,53.0
42,32.0
42,44.0
42,49.0
42,44.0
43,48.0
43,37.0
43,45.0
43,43.0
43,41.0
43,59.0
43,41.0
43,51.0
43,54.0
43,49.0
43,42.0
43,46.0
43,51.0
43,47.0
43,50.0
43,60.0
43,41.0
43,52.0
43,53.0
43,48.0
43,31.0
43,48.0
43,57.0
43,45.0
43,44.0
44,46.0
44,36.0
44,39.0
44,53.0
44,49.0
44,41.0
44,53.0
44,51.0
44,47.0
44,45.0
44,54.0
44,43.0
44,40.0
44,44.0
44,40.0
44,41.0
44,50.0
44,47.0
44,57.0
44,49.0
44,46.0
44,47.0
44,53.0
44,54.0
44,50.0
45,49.0
45,53.0
45,48.0
45,48.0
45,46.0
45,42.0
45,48.0
45,48.0
45,43.0
45,43.0
45,49.0
45,44.0
45,53.0
45,46.0
45,41.0
45,41.0
45,45.0
45,52.0
45,30.0
45,41.0
45,40.0
45,46.0
45,29.0
45,54.0
45,48.0
46,42.0
46,41.0
46,53.0
46,47.0
46,54.0
46,53.0
46,53.0
46,48.0
46,48.0
46,46.0
46,45.0
46,53.0
46,51.0
46,47.0
46,40.0
46,49.0
46,47.0
46,48.0
46,42.0
46,50.0
46,48.0
46,36.0
46,54.0
46,44.0
46,55.0
47,49.0
47,44.0
47,49.0
47,47.0
47,55.0
47,49.0
47,45.0
47,54.0
47,58.0
47,48.0
47,45.0
47,33.0
47,41.0
47,47.0
47,50.0
47,44.0
47,43.0
47,54.0
47,42.0
47,36.0
47,44.0
47,45.0
47,41.0
47,49.0
47,52.0
48,44.0
48,39.0
48,51.0
48,36.0
48,45.0
48,41.0
48,44.0
48,46.0
48,47.0
48,56.0
48,52.0
48,50.0
48,53.0
48,45.0
48,53.0
48,45.0
48,47.0
48,44.0
48,45.0
48,40.0
48,51.0
48,60.0
48,45.0
48,57.0
48,48.0
49,49.0
49,43.0
49,50.0
49,48.0
49,43.0
49,45.0
49,36.0
49,52.0
49,33.0
49,42.0
49,46.0
49,45.0
49,57.0
49,55.0
49,39.0
49,59.0
49,50.0
49,49.0
49,51.0
49,54.0
49,52.0
49,47.0
49,54.0
49,48.0
49,47.0
50,53.0
50,51.0
50,46.0
50,43.0
50,59.0
50,34.0
50,59.0
50,47.0
50,48.0
50,43.0
50,55.0
50,42.0
50,43.0
50,44.0
50,52.0
50,36.0
50,43.0
50,55.0
50,36.0
50,51.0
50,48.0
50,43.0
50,43.0
50,46.0
50,51.0
51,40.0
51,47.0
51,40.0
51,47.0
51,50.0
51,44.0
51,40.0
51,37.0
51,45.0
51,44.0
51,53.0
51,53.0
51,52.0
51,51.0
51,54.0
51,52.0
51,45.0
51,45.0
51,41.0
51,43.0
51,49.0
51,48.0
51,51.0
51,37.0
51,40.0
52,47.0
52,53.0
52,55.0
52,55.0
52,49.0
52,50.0
52,51.0
52,48.0
52,39.0
52,28.0
52,51.0
52,57.0
52,55.0
52,39.0
52,43.0
52,43.0
52,50.0
52,46.0
52,46.0
52,45.0
52,45.0
52,50.0
52,43.0
52,53.0
52,44.0
53,47.0
53,36.0
53,44.0
53,40.0
53,45.0
53,38.0
53,47.0
53,49.0
53,28.0
53,50.0
53,47.0
53,40.0
53,45.0
53,40.0
53,49.0
53,47.0
53,59.0
53,58.0
53,50.0
53,50.0
53,55.0
53,42.0
53,49.0
53,51.0
53,45.0
54,54.0
54,44.0
54,46.0
54,58.0
54,47.0
54,53.0
54,41.0
54,58.0
54,45.0
54,56.0
54,53.0
54,42.0
54,43.0
54,47.0
54,39.0
54,56.0
54,46.0
54,37.0
54,58.0
54,56.0
54,56.0
54,55.0
54,48.0
54,51.0
54,43.0
55,45.0
55,38.0
55,51.0
55,42.0
55,42.0
55,52.0
55,46.0
55,45.0
55,40.0
55,49.0
55,44.0
55,51.0
55,57.0
55,42.0
55,53.0
55,49.0
55,37.0
55,44.0
55,46.0
55,56.0
55,47.0
55,44.0
55,49.0
55,42.0
55,51.0
56,50.0
56,42.0
56,39.0
56,48.0
56,53.0
56,44.0
56,39.0
56,54.0
56,52.0
56,52.0
56,45.0
56,47.0
56,50.0
56,49.0
56,42.0
56,53.0
56,50.0
56,45.0
56,47.0
56,48.0
56,52.0
56,47.0
56,45.0
56,33.0
56,43.0
57,40.0
57,52.0
57,48.0
57,53.0
57,53.0
57,53.0
57,51.0
57,51.0
57,38.0
57,54.0
57,55.0
57,45.0
57,41.0
57,42.0
57,48.0
57,54.0
57,45.0
57,46.0
57,48.0
57,56.0
57,46.0
57,50.0
57,39.0
57,48.0
57,47.0
58,49.0
58,55.0
58,56.0
58,47.0
58,47.0
58,50.0
58,42.0
58,54.0
58,43.0
58,44.0
58,49.0
58,47.0
58,41.0
58,62.0
58,34.0
58,50.0
58,44.0
58,51.0
58,52.0
58,47.0
58,49.0
58,43.0
58,51.0
58,47.0
58,52.0
59,48.0
59,48.0
59,57.0
59,53.0
59,56.0
59,52.0
59,44.0
59,44.0
59,47.0
59,44.0
59,46.0
59,45.0
59,44.0
59,52.0
59,52.0
59,44.0
59,36.0
59,52.0
59,48.0
59,49.0
59,57.0
59,56.0
59,44.0
59,47.0
59,46.0
60,52.0
60,49.0
60,50.0
60,53.0
60,51.0
60,41.0
60,53.0
60,46.0
60,45.0
60,46.0
60,50.0
60,47.0
60,45.0
60,49.0
60,44.0
60,40.0
60,44.0
60,42.0
60,40.0
60,49.0
60,56.0
60,56.0
60,58.0
60,54.0
60,45.0
61,51.0
61,51.0
61,53.0
61,35.0
61,45.0
61,47.0
61,56.0
61,46.0
61,54.0
61,42.0
61,47.0
61,44.0
61,51.0
61,56.0
61,40.0
61,45.0
61,61.0
61,58.0
61,56.0
61,54.0
61,49.0
61,53.0
61,54.0
61,46.0
61,49.0
62,47.0
62,35.0
62,52.0
62,46.0
62,40.0
62,44.0
62,48.0
62,56.0
62,49.0
62,52.0
62,44.0
62,51.0
62,48.0
62,59.0
62,46.0
62,52.0
62,58.0
62,59.0
62,53.0
62,45.0
62,54.0
62,49.0
62,46.0
62,48.0
62,48.0
63,41.0
63,49.0
63,46.0
63,51.0
63,53.0
63,44.0
63,48.0
63,51.0
63,47.0
63,60.0
63,47.0
63,46.0
63,44.0
63,56.0
63,48.0
63,44.0
63,42.0
63,40.0
63,54.0
63,50.0
63,61.0
63,44.0
63,42.0
63,43.0
63,53.0
64,44.0
64,53.0
64,55.0
64,42.0
64,56.0
64,38.0
64,56.0
64,44.0
64,53.0
64,57.0
64,46.0
64,56.0
64,50.0
64,44.0
64,54.0
64,47.0
64,41.0
64,50.0
64,49.0
64,51.0
64,57.0
64,46.0
64,49.0
64,57.0
64,50.0
65,32.0
65,50.0
65,54.0
65,46.0
65,39.0
65,49.0
65,42.0
65,48.0
65,45.0
65,48.0
65,51.0
65,47.0
65,40.0
65,51.0
65,39.0
65,57.0
65,51.0
65,45.0
65,54.0
65,50.0
65,42.0
65,42.0
65,51.0
65,48.0
65,44.0
66,45.0
66,41.0
66,45.0
66,51.0
66,45.0
66,43.0
66,68.0
66,43.0
66,56.0
66,58.0
66,52.0
66,46.0
66,34.0
66,50.0
66,52.0
66,45.0
66,51.0
66,49.0
66,49.0
66,44.0
66,48.0
66,47.0
66,42.0
66,37.0
66,52.0
67,60.0
67,50.0
67,41.0
67,58.0
67,38.0
67,39.0
67,54.0
67,51.0
67,45.0
67,49.0
67,42.0
67,52.0
67,54.0
67,40.0
67,50.0
67,53.0
67,36.0
67,46.0
67,47.0
67,45.0
67,52.0
67,41.0
67,54.0
67,41.0
67,51.0
68,53.0
68,46.0
68,46.0
68,42.0
68,46.0
68,43.0
68,46.0
68,48.0
68,59.0
68,44.0
68,55.0
68,40.0
68,58.0
68,61.0
68,47.0
68,55.0
68,51.0
68,38.0
68,36.0
68,45.0
68,49.0
68,44.0
68,48.0
68,44.0
68,68.0
69,42.0
69,51.0
69,50.0
69,60.0
69,59.0
69,57.0
69,44.0
69,48.0
69,53.0
69,50.0
69,56.0
69,55.0
69,53.0
69,43.0
69,50.0
69,56.0
69,49.0
69,43.0
69,51.0
69,52.0
69,59.0
69,49.0
69,57.0
69,44.0
69,56.0
70,56.0
70,45.0
70,53.0
70,43.0
70,47.0
70,66.0
70,46.0
70,50.0
70,49.0
70,46.0
70,53.0
70,48.0
70,50.0
70,55.0
70,56.0
70,53.0
70,54.0
70,45.0
70,57.0
70,50.0
70,70.0
70,46.0
70,55.0
70,55.0
70,53.0
71,59.0
71,56.0
71,56.0
71,38.0
71,47.0
71,64.0
71,53.0
71,50.0
71,46.0
71,42.0
71,47.0
71,52.0
71,54.0
71,53.0
71,42.0
71,49.0
71,47.0
71,46.0
71,52.0
71,46.0
71,42.0
71,44.0
71,56.0
71,60.0
71,64.0
72,38.0
72,48.0
72,40.0
72,58.0
72,50.0
72,47.0
72,47.0
72,49.0
72,59.0
72,43.0
72,42.0
72,45.0
72,39.0
72,50.0
72,55.0
72,49.0
72,48.0
72,48.0
72,44.0
72,43.0
72,49.0
72,40.0
72,67.0
72,56.0
72,49.0
73,57.0
73,37.0
73,46.0
73,55.0
73,47.0
73,46.0
73,45.0
73,49.0
73,46.0
73,40.0
73,44.0
73,57.0
73,44.0
73,44.0
73,57.0
73,51.0
73,48.0
73,51.0
73,47.0
73,58.0
73,60.0
73,57.0
73,58.0
73,43.0
73,50.0
74,51.0
74,44.0
74,47.0
74,36.0
74,36.0
74,54.0
74,53.0
74,42.0
74,47.0
74,58.0
74,55.0
74,52.0
74,42.0
74,53.0
74,50.0
74,52.0
74,52.0
74,52.0
74,64.0
74,47.0
74,49.0
74,50.0
74,50.0
74,49.0
74,43.0
75,44.0
75,41.0
75,50.0
75,53.0
75,55.0
75,44.0
75,56.0
75,43.0
75,40.0
75,44.0
75,45.0
75,38.0
75,43.0
75,55.0
75,42.0
75,44.0
75,47.0
75,42.0
75,57.0
75,47.0
75,60.0
75,50.0
75,55.0
75,51.0
75,52.0
76,49.0
76,60.0
76,47.0
76,44.0
76,51.0
76,52.0
76,58.0
76,40.0
76,54.0
76,58.0
76,48.0
76,48.0
76,48.0
76,51.0
76,43.0
76,56.0
76,53.0
76,43.0
76,50.0
76,54.0
76,49.0
76,49.0
76,48.0
76,56.0
76,50.0
77,53.0
77,43.0
77,57.0
77,59.0
77,46.0
77,55.0
77,53.0
77,37.0
77,48.0
77,45.0
77,49.0
77,44.0
77,52.0
77,50.0
77,55.0
77,54.0
77,56.0
77,55.0
77,54.0
77,55.0
77,59.0
77,51.0
77,52.0
77,50.0
77,54.0
78,54.0
78,48.0
78,58.0
78,48.0
78,50.0
78,52.0
78,47.0
78,37.0
78,51.0
78,46.0
78,46.0
78,56.0
78,49.0
78,47.0
78,51.0
78,46.0
78,46.0
78,58.0
78,43.0
78,56.0
78,48.0
78,53.0
78,51.0
78,47.0
78,48.0
79,49.0
79,54.0
79,55.0
79,50.0
79,56.0
79,49.0
79,49.0
79,48.0
79,52.0
79,48.0
79,54.0
79,44.0
79,47.0
79,60.0
79,56.0
79,49.0
79,47.0
79,45.0
79,45.0
79,46.0
79,56.0
79,62.0
79,29.0
79,58.0
79,54.0
80,57.0
80,55.0
80,53.0
80,47.0
80,58.0
80,43.0
80,49.0
80,54.0
80,50.0
80,51.0
80,51.0
80,53.0
80,39.0
80,52.0
80,62.0
80,49.0
80,54.0
80,56.0
80,42.0
80,49.0
80,43.0
80,59.0
80,46.0
80,49.0
80,51.0
81,59.0
81,44.0
81,56.0
81,57.0
81,50.0
81,42.0
81,53.0
81,51.0
81,48.0
81,55.0
81,55.0
81,50.0
81,49.0
81,49.0
81,46.0
81,65.0
81,54.0
81,53.0
81,32.0
81,42.0
81,52.0
81,49.0
81,58.0
81,62.0
81,55.0
82,45.0
82,40.0
82,45.0
82,51.0
82,57.0
82,56.0
82,61.0
82,46.0
82,43.0
82,43.0
82,51.0
82,56.0
82,50.0
82,44.0
82,54.0
82,52.0
82,50.0
82,60.0
82,55.0
82,48.0
82,47.0
82,56.0
82,51.0
82,57.0
82,58.0
83,36.0
83,55.0
83,50.0
83,53.0
83,52.0
83,43.0
83,59.0
83,54.0
83,52.0
83,53.0
83,46.0
83,52.0
83,41.0
83,54.0
83,46.0
83,43.0
83,49.0
83,51.0
83,32.0
83,62.0
83,62.0
83,56.0
83,49.0
83,52.0
83,57.0
84,54.0
84,44.0
84,48.0
84,50.0
84,61.0
84,54.0
84,40.0
84,47.0
84,40.0
84,51.0
84,49.0
84,42.0
84,49.0
84,52.0
84,55.0
84,41.0
84,53.0
84,43.0
84,49.0
84,50.0
84,57.0
84,39.0
84,56.0
84,50.0
84,48.0
85,40.0
85,43.0
85,52.0
85,53.0
85,47.0
85,52.0
85,53.0
85,49.0
85,44.0
85,56.0
85,42.0
85,43.0
85,56.0
85,56.0
85,48.0
85,55.0
85,42.0
85,39.0
85,46.0
85,53.0
85,60.0
85,40.0
85,50.0
85,61.0
85,54.0
86,60.0
86,53.0
86,50.0
86,41.0
86,49.0
86,45.0
86,50.0
86,54.0
86,47.0
86,49.0
86,54.0
86,50.0
86,51.0
86,57.0
86,47.0
86,44.0
86,41.0
86,58.0
86,47.0
86,59.0
86,60.0
86,54.0
86,48.0
86,55.0
86,49.0
87,32.0
87,42.0
87,43.0
87,48.0
87,48.0
87,53.0
87,48.0
87,51.0
87,49.0
87,55.0
87,47.0
87,46.0
87,41.0
87,45.0
87,47.0
87,44.0
87,47.0
87,51.0
87,53.0
87,47.0
87,49.0
87,50.0
87,62.0
87,40.0
87,31.0
88,51.0
88,53.0
88,56.0
88,52.0
88,35.0
88,44.0
88,36.0
88,46.0
88,49.0
88,58.0
88,44.0
88,57.0
88,55.0
88,45.0
88,56.0
88,59.0
88,49.0
88,53.0
88,37.0
88,55.0
88,55.0
88,44.0
88,51.0
88,54.0
88,47.0
89,52.0
89,30.0
89,52.0
89,52.0
89,51.0
89,45.0
89,39.0
89,50.0
89,54.0
89,40.0
89,45.0
89,34.0
89,51.0
89,49.0
89,60.0
89,58.0
89,43.0
89,49.0
89,52.0
89,40.0
89,57.0
89,66.0
89,36.0
89,52.0
89,44.0
90,43.0
90,60.0
90,54.0
90,53.0
90,39.0
90,45.0
90,43.0
90,37.0
90,49.0
90,41.0
90,32.0
90,39.0
90,41.0
90,55.0
90,39.0
90,46.0
90,48.0
90,55.0
90,51.0
90,66.0
90,54.0
90,49.0
90,39.0
90,50.0
90,32.0
91,47.0
91,46.0
91,32.0
91,63.0
91,38.0
91,48.0
91,51.0
91,38.0
91,59.0
91,55.0
91,42.0
91,53.0
91,61.0
91,39.0
91,47.0
91,43.0
91,48.0
91,43.0
91,57.0
91,49.0
91,45.0
91,54.0
91,41.0
91,49.0
91,45.0
92,51.0
92,51.0
92,48.0
92,44.0
92,52.0
92,52.0
92,46.0
92,39.0
92,49.0
92,47.0
92,68.0
92,49.0
92,40.0
92,52.0
92,45.0
92,45.0
92,56.0
92,52.0
92,44.0
92,43.0
92,48.0
92,55.0
92,42.0
92,43.0
92,54.0
93,46.0
93,51.0
93,51.0
93,32.0
93,50.0
93,49.0
93,53.0
93,58.0
93,64.0
93,52.0
93,56.0
93,53.0
93,54.0
93,45.0
93,46.0
93,62.0
93,52.0
93,49.0
93,55.0
93,43.0
93,45.0
93,48.0
93,53.0
93,53.0
93,46.0
94,53.0
94,56.0
94,45.0
94,47.0
94,58.0
94,49.0
94,49.0
94,58.0
94,38.0
94,45.0
94,43.0
94,46.0
94,48.0
94,38.0
94,40.0
94,50.0
94,53.0
94,54.0
94,53.0
94,42.0
94,62.0
94,46.0
94,49.0
94,59.0
94,55.0
95,39.0
95,46.0
95,43.0
95,53.0
95,45.0
95,51.0
95,62.0
95,48.0
95,45.0
95,48.0
95,49.0
95,57.0
95,54.0
95,61.0
95,52.0
95,61.0
95,57.0
95,44.0
95,59.0
95,56.0
95,54.0
95,50.0
95,62.0
95,55.0
95,39.0
96,49.0
96,49.0
96,50.0
96,51.0
96,56.0
96,61.0
96,41.0
96,49.0
96,46.0
96,58.0
96,51.0
96,53.0
96,40.0
96,64.0
96,54.0
96,53.0
96,47.0
96,49.0
96,42.0
96,49.0
96,52.0
96,63.0
96,56.0
96,50.0
96,54.0
97,38.0
97,48.0
97,54.0
97,53.0
97,49.0
97,50.0
97,60.0
97,61.0
97,49.0
97,46.0
97,55.0
97,57.0
97,58.0
97,59.0
97,40.0
97,57.0
97,41.0
97,47.0
97,41.0
97,49.0
97,57.0
97,49.0
97,45.0
97,43.0
97,38.0
98,53.0
98,51.0
98,53.0
98,61.0
98,54.0
98,44.0
98,47.0
98,44.0
98,45.0
98,51.0
98,61.0
98,42.0
98,53.0
98,54.0
98,58.0
98,55.0
98,45.0
98,64.0
98,62.0
98,47.0
98,49.0
98,51.0
98,55.0
98,52.0
98,47.0
99,45.0
99,54.0
99,54.0
99,62.0
99,62.0
99,33.0
99,54.0
99,47.0
99,42.0
99,50.0
99,51.0
99,55.0
99,44.0
99,52.0
99,45.0
99,49.0
99,54.0
99,49.0
99,54.0
99,29.0
99,57.0
99,58.0
99,48.0
99,44.0
99,48.0
100,63.0
100,62.0
100,37.0
100,54.0
100,36.0
100,60.0
100,54.0
100,55.0
100,55.0
100,58.0
100,55.0
100,61.0
100,57.0
100,56.0
100,52.0
100,51.0
100,51.0
100,63.0
100,66.0
100,54.0
100,54.0
100,57.0
100,57.0
100,48.0
100,62.0
101,52.0
101,51.0
101,62.0
101,43.0
101,52.0
101,53.0
101,42.0
101,54.0
101,52.0
101,47.0
101,45.0
101,59.0
101,58.0
101,55.0
101,48.0
101,52.0
101,36.0
101,54.0
101,61.0
101,43.0
101,54.0
101,57.0
101,53.0
101,65.0
101,40.0
102,44.0
102,13.0
102,36.0
102,65.0
102,52.0
102,58.0
102,52.0
102,50.0
102,45.0
102,50.0
102,52.0
102,54.0
102,47.0
102,55.0
102,56.0
102,51.0
102,68.0
102,52.0
102,45.0
102,60.0
102,58.0
102,59.0
102,52.0
102,60.0
102,50.0
103,47.0
103,38.0
103,51.0
103,65.0
103,42.0
103,63.0
103,51.0
103,47.0
103,51.0
103,41.0
103,46.0
103,46.0
103,48.0
103,58.0
103,49.0
103,59.0
103,43.0
103,63.0
103,56.0
103,51.0
103,35.0
103,53.0
103,61.0
103,47.0
103,66.0
104,64.0
104,43.0
104,35.0
104,43.0
104,57.0
104,51.0
104,64.0
104,37.0
104,61.0
104,41.0
104,59.0
104,59.0
104,57.0
104,66.0
104,61.0
104,52.0
104,47.0
104,60.0
104,45.0
104,50.0
104,37.0
104,63.0
104,44.0
104,58.0
104,52.0
105,39.0
105,44.0
105,56.0
105,45.0
105,39.0
105,45.0
105,55.0
105,75.0
105,48.0
105,51.0
105,64.0
105,57.0
105,58.0
105,31.0
105,58.0
105,58.0
105,57.0
105,50.0
105,61.0
105,54.0
105,59.0
105,64.0
105,46.0
105,55.0
105,55.0
106,42.0
106,69.0
106,43.0
106,52.0
106,55.0
106,41.0
106,53.0
106,42.0
106,59.0
106,62.0
106,51.0
106,50.0
106,42.0
106,58.0
106,57.0
106,50.0
106,56.0
106,55.0
106,53.0
106,41.0
106,55.0
106,50.0
106,64.0
106,53.0
106,44.0
107,57.0
107,49.0
107,58.0
107,45.0
107,52.0
107,57.0
107,60.0
107,56.0
107,48.0
107,58.0
107,48.0
107,37.0
107,45.0
107,62.0
107,67.0
107,49.0
107,52.0
107,49.0
107,67.0
107,49.0
107,47.0
107,62.0
107,57.0
107,36.0
107,49.0
108,53.0
108,42.0
108,37.0
108,64.0
108,48.0
108,51.0
108,67.0
108,63.0
108,44.0
108,46.0
108,51.0
108,52.0
108,43.0
108,57.0
108,56.0
108,47.0
108,57.0
108,34.0
108,48.0
108,55.0
108,54.0
108,47.0
108,55.0
108,52.0
108,50.0
109,57.0
109,43.0
109,60.0
109,62.0
109,48.0
109,40.0
109,34.0
109,59.0
109,46.0
109,58.0
109,44.0
109,57.0
109,61.0
109,57.0
109,37.0
109,50.0
109,49.0
109,65.0
109,50.0
109,42.0
109,51.0
109,45.0
109,47.0
109,54.0
109,54.0
110,57.0
110,41.0
110,58.0
110,68.0
110,52.0
110,37.0
110,49.0
110,51.0
110,54.0
110,61.0
110,50.0
110,51.0
110,44.0
110,51.0
110,49.0
110,42.0
110,53.0
110,38.0
110,52.0
110,54.0
110,51.0
110,45.0
110,64.0
110,51.0
110,50.0
111,52.0
111,49.0
111,49.0
111,50.0
111,48.0
111,54.0
111,66.0
111,35.0
111,52.0
111,54.0
111,61.0
111,55.0
111,55.0
111,41.0
111,49.0
111,44.0
111,57.0
111,44.0
111,42.0
111,64.0
111,52.0
111,44.0
111,65.0
111,51.0
111,52.0
112,49.0
112,43.0
112,47.0
112,48.0
112,44.0
112,56.0
112,49.0
112,38.0
112,42.0
112,35.0
112,45.0
112,35.0
112,58.0
112,52.0
112,43.0
112,53.0
112,49.0
112,48.0
112,58.0
112,56.0
112,55.0
112,45.0
112,52.0
112,58.0
112,65.0
113,39.0
113,54.0
113,65.0
113,47.0
113,52.0
113,50.0
113,60.0
113,49.0
113,51.0
113,52.0
113,53.0
113,53.0
113,59.0
113,48.0
113,47.0
113,43.0
113,41.0
113,55.0
113,55.0
113,43.0
113,51.0
113,49.0
113,47.0
113,58.0
113,60.0
114,56.0
114,49.0
114,48.0
114,43.0
114,54.0
114,50.0
114,59.0
114,52.0
114,51.0
114,47.0
114,49.0
114,44.0
114,46.0
114,41.0
114,45.0
114,55.0
114,34.0
114,64.0
114,55.0
114,53.0
114,46.0
114,57.0
114,50.0
114,39.0
114,62.0
115,49.0
115,41.0
115,42.0
115,63.0
115,43.0
115,58.0
115,50.0
115,54.0
115,61.0
115,53.0
115,39.0
115,46.0
115,54.0
115,35.0
115,64.0
115,55.0
115,62.0
115,55.0
115,56.0
115,48.0
115,52.0
115,52.0
115,37.0
115,54.0
115,50.0
116,64.0
116,47.0
116,43.0
116,51.0
116,46.0
116,52.0
116,47.0
116,59.0
116,59.0
116,36.0
116,45.0
116,41.0
116,52.0
116,57.0
116,50.0
116,50.0
116,55.0
116,47.0
116,60.0
116,42.0
116,58.0
116,54.0
116,48.0
116,47.0
116,60.0
117,37.0
117,43.0
117,44.0
117,40.0
117,49.0
117,40.0
117,45.0
117,46.0
117,47.0
117,37.0
117,39.0
117,49.0
117,45.0
117,50.0
117,47.0
117,38.0
117,42.0
117,40.0
117,48.0
117,45.0
117,55.0
117,53.0
117,45.0
117,54.0
117,65.0
118,45.0
118,50.0
118,41.0
118,38.0
118,47.0
118,52.0
118,41.0
118,48.0
118,46.0
118,44.0
118,55.0
118,41.0
118,44.0
118,48.0
118,51.0
118,43.0
118,42.0
118,44.0
118,54.0
118,46.0
118,60.0
118,58.0
118,49.0
118,44.0
118,48.0
119,47.0
119,47.0
119,59.0
119,57.0
119,47.0
119,40.0
119,56.0
119,39.0
119,47.0
119,51.0
119,49.0
119,46.0
119,50.0
119,48.0
119,40.0
119,58.0
119,50.0
119,53.0
119,38.0
119,50.0
119,62.0
119,41.0
119,58.0
119,41.0
119,47.0
120,42.0
120,37.0
120,58.0
120,53.0
120,46.0
120,50.0
120,40.0
120,51.0
120,36.0
120,49.0
120,39.0
120,43.0
120,50.0
120,47.0
120,55.0
120,48.0
120,42.0
120,54.0
120,41.0
120,57.0
120,56.0
120,43.0
120,54.0
120,46.0
120,50.0
121,47.0
121,37.0
121,51.0
121,40.0
121,47.0
121,48.0
121,42.0
121,45.0
121,50.0
121,41.0
121,57.0
121,52.0
121,51.0
121,44.0
121,53.0
121,48.0
121,42.0
121,51.0
121,36.0
121,58.0
121,57.0
121,46.0
121,48.0
121,39.0
121,55.0
122,61.0
122,49.0
122,49.0
122,52.0
122,45.0
122,52.0
122,47.0
122,47.0
122,42.0
122,48.0
122,39.0
122,50.0
122,47.0
122,38.0
122,56.0
122,54.0
122,48.0
122,47.0
122,51.0
122,54.0
122,37.0
122,39.0
122,52.0
122,52.0
122,52.0
123,48.0
123,56.0
123,53.0
123,54.0
123,35.0
123,53.0
123,41.0
123,42.0
123,44.0
123,41.0
123,49.0
123,49.0
123,52.0
123,43.0
123,42.0
123,55.0
123,38.0
123,53.0
123,38.0
123,50.0
123,47.0
123,44.0
123,43.0
123,45.0
123,55.0
124,56.0
124,53.0
124,42.0
124,48.0
124,57.0
124,40.0
124,45.0
124,56.0
124,47.0
124,63.0
124,49.0
124,38.0
124,57.0
124,40.0
124,46.0
124,59.0
124,31.0
124,48.0
124,52.0
124,49.0
124,34.0
124,58.0
124,52.0
124,54.0
124,41.0
125,48.0
125,53.0
125,56.0
125,57.0
125,52.0
125,48.0
125,50.0
125,52.0
125,39.0
125,44.0
125,43.0
125,52.0
125,50.0
125,57.0
125,50.0
125,48.0
125,43.0
125,53.0
125,51.0
125,54.0
125,61.0
125,65.0
125,61.0
125,61.0
125,49.0
126,58.0
126,47.0
126,54.0
126,42.0
126,58.0
126,54.0
126,46.0
126,58.0
126,50.0
126,53.0
126,55.0
126,62.0
126,55.0
126,49.0
126,51.0
126,47.0
126,58.0
126,57.0
126,50.0
126,37.0
126,57.0
126,58.0
126,49.0
126,51.0
126,64.0
127,49.0
127,53.0
127,56.0
127,57.0
127,53.0
127,49.0
127,48.0
127,60.0
127,56.0
127,41.0
127,51.0
127,53.0
127,51.0
127,67.0
127,47.0
127,45.0
127,50.0
127,55.0
127,43.0
127,50.0
127,57.0
127,53.0
127,60.0
127,51.0
127,56.0
128,44.0
128,48.0
128,49.0
128,36.0
128,52.0
128,46.0
128,54.0
128,53.0
128,64.0
128,41.0
128,53.0
128,57.0
128,45.0
128,50.0
128,40.0
128,46.0
128,44.0
128,48.0
128,60.0
128,57.0
128,60.0
128,46.0
128,54.0
128,59.0
128,59.0
129,56.0
129,51.0
129,51.0
129,54.0
129,52.0
129,48.0
129,52.0
129,43.0
129,52.0
129,49.0
129,52.0
129,57.0
129,54.0
129,58.0
129,54.0
129,50.0
129,55.0
129,54.0
129,49.0
129,57.0
129,50.0
129,47.0
129,52.0
129,50.0
129,42.0
130,47.0
130,48.0
130,53.0
130,48.0
130,51.0
130,50.0
130,56.0
130,60.0
130,57.0
130,48.0
130,52.0
130,57.0
130,58.0
130,56.0
130,59.0
130,49.0
130,51.0
130,54.0
130,55.0
130,46.0
130,59.0
130,50.0
130,69.0
130,59.0
130,39.0
131,48.0
131,50.0
131,40.0
131,53.0
131,56.0
131,57.0
131,51.0
131,52.0
131,64.0
131,58.0
131,51.0
131,57.0
131,62.0
131,50.0
131,64.0
131,55.0
131,50.0
131,54.0
131,55.0
131,54.0
131,49.0
131,51.0
131,46.0
131,55.0
131,53.0
132,57.0
132,58.0
132,53.0
132,60.0
132,46.0
132,62.0
132,56.0
132,46.0
132,49.0
132,38.0
132,57.0
132,51.0
132,54.0
132,54.0
132,52.0
132,43.0
132,52.0
132,43.0
132,62.0
132,60.0
132,65.0
132,63.0
132,49.0
132,64.0
132,65.0
133,45.0
133,43.0
133,55.0
133,53.0
133,47.0
133,55.0
133,50.0
133,55.0
133,60.0
133,49.0
133,35.0
133,57.0
133,42.0
133,51.0
133,47.0
133,68.0
133,47.0
133,60.0
133,51.0
133,58.0
133,62.0
133,60.0
133,49.0
133,56.0
133,60.0
134,31.0
134,46.0
134,50.0
134,52.0
134,62.0
134,43.0
134,53.0
134,48.0
134,47.0
134,46.0
134,45.0
134,55.0
134,63.0
134,44.0
134,53.0
134,45.0
134,61.0
134,61.0
134,54.0
134,59.0
134,45.0
134,60.0
134,65.0
134,57.0
134,56.0
135,46.0
135,50.0
135,43.0
135,55.0
135,51.0
135,59.0
135,47.0
135,49.0
135,51.0
135,61.0
135,51.0
135,59.0
135,49.0
135,56.0
135,58.0
135,40.0
135,43.0
135,47.0
135,53.0
135,41.0
135,50.0
135,44.0
135,56.0
135,61.0
135,60.0
136,51.0
136,54.0
136,43.0
136,58.0
136,47.0
136,52.0
136,46.0
136,44.0
136,66.0
136,50.0
136,41.0
136,53.0
136,50.0
136,47.0
136,45.0
136,54.0
136,41.0
136,60.0
136,53.0
136,47.0
136,66.0
136,44.0
136,65.0
136,55.0
136,48.0
137,42.0
137,56.0
137,54.0
137,51.0
137,52.0
137,63.0
137,53.0
137,56.0
137,50.0
137,58.0
137,57.0
137,52.0
137,51.0
137,52.0
137,53.0
137,63.0
137,50.0
137,52.0
137,55.0
137,59.0
137,52.0
137,66.0
137,60.0
137,45.0
137,36.0
138,56.0
138,53.0
138,47.0
138,56.0
138,54.0
138,45.0
138,58.0
138,52.0
138,55.0
138,47.0
138,49.0
138,56.0
138,48.0
138,41.0
138,51.0
138,48.0
138,45.0
138,46.0
138,57.0
138,57.0
138,41.0
138,58.0
138,61.0
138,52.0
138,50.0
139,61.0
139,56.0
139,58.0
139,55.0
139,44.0
139,51.0
139,48.0
139,53.0
139,60.0
139,65.0
139,54.0
139,56.0
139,55.0
139,66.0
139,47.0
139,53.0
139,55.0
139,56.0
139,41.0
139,50.0
139,56.0
139,54.0
139,56.0
139,40.0
139,58.0
140,55.0
140,42.0
140,57.0
140,50.0
140,59.0
140,64.0
140,47.0
140,42.0
140,52.0
140,46.0
140,53.0
140,61.0
140,58.0
140,53.0
140,58.0
140,58.0
140,57.0
140,56.0
140,68.0
140,59.0
140,41.0
140,52.0
140,51.0
140,70.0
140,57.0
141,46.0
141,69.0
141,44.0
141,50.0
141,56.0
141,55.0
141,48.0
141,46.0
141,55.0
141,64.0
141,60.0
141,41.0
141,67.0
141,54.0
141,48.0
141,62.0
141,65.0
141,45.0
141,55.0
141,54.0
141,56.0
141,57.0
141,56.0
141,58.0
141,64.0
142,56.0
142,56.0
142,61.0
142,60.0
142,58.0
142,54.0
142,58.0
142,53.0
142,59.0
142,59.0
142,45.0
142,43.0
142,57.0
142,45.0
142,52.0
142,49.0
142,49.0
142,54.0
142,60.0
142,59.0
142,63.0
142,61.0
142,53.0
142,51.0
142,59.0
143,50.0
143,50.0
143,49.0
143,44.0
143,52.0
143,55.0
143,49.0
143,54.0
143,50.0
143,54.0
143,56.0
143,64.0
143,53.0
143,60.0
143,61.0
143,53.0
143,52.0
143,53.0
143,58.0
143,58.0
143,56.0
143,57.0
143,58.0
143,56.0
143,61.0
144,43.0
144,53.0
144,50.0
144,59.0
144,46.0
144,51.0
144,60.0
144,50.0
144,48.0
144,53.0
144,50.0
144,51.0
144,52.0
144,54.0
144,47.0
144,69.0
144,52.0
144,52.0
144,59.0
144,54.0
144,62.0
144,58.0
144,50.0
144,51.0
144,56.0
145,47.0
145,51.0
145,43.0
145,52.0
145,47.0
145,53.0
145,54.0
145,54.0
145,52.0
145,64.0
145,51.0
145,56.0
145,39.0
145,54.0
145,54.0
145,54.0
145,51.0
145,39.0
145,68.0
145,52.0
145,47.0
145,56.0
145,51.0
145,61.0
145,56.0
146,49.0
146,51.0
146,52.0
146,48.0
146,49.0
146,57.0
146,43.0
146,54.0
146,50.0
146,54.0
146,60.0
146,61.0
146,54.0
146,53.0
146,53.0
146,52.0
146,57.0
146,61.0
146,51.0
146,45.0
146,57.0
146,53.0
146,51.0
146,56.0
146,64.0
147,57.0
147,55.0
147,46.0
147,55.0
147,50.0
147,45.0
147,50.0
147,52.0
147,57.0
147,43.0
147,61.0
147,51.0
147,56.0
147,59.0
147,55.0
147,52.0
147,51.0
147,43.0
147,70.0
147,64.0
147,51.0
147,54.0
147,51.0
147,58.0
147,46.0
148,63.0
148,53.0
148,52.0
148,46.0
148,47.0
148,55.0
148,64.0
148,45.0
148,51.0
148,49.0
148,52.0
148,61.0
148,45.0
148,54.0
148,45.0
148,52.0
148,48.0
148,58.0
148,53.0
148,58.0
148,45.0
148,52.0
148,51.0
148,46.0
148,47.0
149,50.0
149,60.0
149,50.0
149,47.0
149,50.0
149,56.0
149,57.0
149,61.0
149,42.0
149,51.0
149,66.0
149,48.0
149,41.0
149,47.0
149,72.0
149,61.0
149,49.0
149,65.0
149,40.0
149,48.0
149,52.0
149,50.0
149,52.0
149,55.0
149,54.0
